time,orders_completed
2026-09-24 22:00,57
2026-09-24 22:05,47
2026-09-24 22:10,41
2026-09-24 22:15,47
2026-09-24 22:20,55
2026-09-24 22:25,54
2026-09-24 22:30,48
2026-09-24 22:35,56
2026-09-24 22:40,47
2026-09-24 22:45,49
2026-09-24 22:50,42
2026-09-24 22:55,51
2026-09-24 23:00,51
2026-09-24 23:05,56
2026-09-24 23:10,58
2026-09-24 23:15,22
2026-09-24 23:20,19
2026-09-24 23:25,3
2026-09-24 23:30,1
2026-09-24 23:35,1
2026-09-24 23:40,3
2026-09-24 23:45,3
2026-09-24 23:50,1
2026-09-24 23:55,42
2026-09-25 00:00,57
2026-09-25 00:05,40
2026-09-25 00:10,49
2026-09-25 00:15,59
2026-09-25 00:20,38
2026-09-25 00:25,50
2026-09-25 00:30,41
